Input Sentence,expected,Top-k Predicted Tokens,Associated Probabilities,Target Token Probability
Thomas is a _ lark.,happy,"['beautiful', 'good', 'gentle', 'magnificent', 'superb']","[0.11606814712285995, 0.032292988151311874, 0.022065643221139908, 0.021413080394268036, 0.01879764348268509]",0.008317208
The library is so quiet. It is a _ grave.,silent,"['quiet', 'deep', 'beautiful', 'cold', 'sad']","[0.13169227540493011, 0.07414829730987549, 0.05113941803574562, 0.04475752264261246, 0.041950516402721405]",0.040801033
Are you feeling ill? You are a _ ghost.,pale,"['walking', 'living', 'real', 'freaking', 'beautiful']","[0.3732832670211792, 0.07309070974588394, 0.04862251132726669, 0.03339068219065666, 0.031165001913905144]",0.015725579112768173
She was a _ mouse.,quiet,"['little', 'lab', 'frightened', 'damn', 'cave']","[0.13609860837459564, 0.027461569756269455, 0.02663545496761799, 0.02536145970225334, 0.02272295020520687]",0.001590098
The cave was a _ night so we could not see anything.,dark,"['dark', 'black', 'clear', 'quiet', 'cloudy']","[0.8094964027404785, 0.0357544831931591, 0.030384397134184837, 0.012802627868950367, 0.010762731544673443]",0.8094964027404785
Please add some water to the jug. The lime juice is _ vinegar.,sour,"['in', 'pure', 'a', 'like', 'not']","[0.14964835345745087, 0.14830929040908813, 0.12109038978815079, 0.11965727061033249, 0.047774188220500946]",0.000198282
Her skin is the _ snow.,white,"['white', 'first', 'same', 'perfect', 'melting']","[0.19024185836315155, 0.04927460849285126, 0.04642026498913765, 0.04151182621717453, 0.0382048673927784]",0.19024185836315155
James disliked the taste of the medicine as it was _ gall.,bitter,"['a', 'stomach', 'chicken', 'beef', 'pork']","[0.0660703256726265, 0.03329508379101753, 0.03279881179332733, 0.026025572791695595, 0.022746020928025246]",0.001470365
Peter is a _ beanpole.,skinny,"['little', 'giant', 'big', 'cartoon', 'pet']","[0.03374506160616875, 0.02766631543636322, 0.01926722377538681, 0.018549548462033272, 0.016020817682147026]",0.001641373
Sanjay was a _ hornet when his brother broke his favourite toy truck.,mad,"['flying', 'green', 'real', 'jealous', 'red']","[0.21860982477664948, 0.10235586017370224, 0.060856930911540985, 0.03274032101035118, 0.026400189846754074]",0.00067905
Molly's face was a _ tomato when she gave the wrong answer in class.,red,"['red', 'pink', 'purple', 'bright', 'giant']","[0.6053379774093628, 0.03177787363529205, 0.023899560794234276, 0.022760989144444466, 0.019484274089336395]",0.6053379774093628
The boy who injured his leg was a _ snail. We waited patiently for him.,slow,"['dead', 'small', 'little', 'giant', 'poor']","[0.07003273069858551, 0.047557469457387924, 0.03690458834171295, 0.029163958504796028, 0.0233918447047472]",0.009054434
Jason was a _ peacock after winning first place in the swimming competition.,proud,"['successful', 'blue', 'young', 'golden', 'trained']","[0.0887591540813446, 0.08076535910367966, 0.032333310693502426, 0.026559270918369293, 0.01823544129729271]",0.012932288460433483
The cheetah is a _ lightening when it runs.,fast,"['constant', 'natural', 'gentle', 'little', 'beautiful']","[0.12641142308712006, 0.0424039289355278, 0.03835957124829292, 0.031409624963998795, 0.030899804085493088]",0.010003514587879181
"When the teacher was angry, his voice was a _ thunder.",loud,"['distant', 'raging', 'roaring', 'rolling', 'booming']","[0.05379576236009598, 0.03916439414024353, 0.037633005529642105, 0.037055179476737976, 0.03659491613507271]",0.019275533
"After the ball was run over by the car, it became a _ paper.",flat,"['toilet', 'crumpled', 'sports', 'tissue', 'discarded']","[0.1008620336651802, 0.05706155300140381, 0.052763041108846664, 0.04900854825973511, 0.029265986755490303]",0.001464352
The old lady is a _ baby.,weak,"['little', 'beautiful', 'big', 'small', 'happy']","[0.12144274264574051, 0.11383742839097977, 0.04426790401339531, 0.04133043810725212, 0.03447854518890381]",0.001931116
Her teech are _ pearls.,white,"['like', 'black', 'white', 'tiny', 'dark']","[0.2685707211494446, 0.11777964234352112, 0.04965604841709137, 0.023726532235741615, 0.017932910472154617]",0.049656048
My mother's hair is _ cloud.,soft,"['a', 'all', 'another', 'her', 'one']","[0.9913051128387451, 0.001470844610594213, 0.0013658342650160193, 0.0006121565820649266, 0.0005678344750776887]",5.080006303614937e-06
The truck is a _ elephant.,big,"['white', 'stuffed', 'black', 'red', 'miniature']","[0.1460537612438202, 0.08215907961130142, 0.05025201663374901, 0.03199625760316849, 0.030802767723798752]",0.003298735
My mother is a _ angel.,kind,"['guardian', 'fallen', 'dark', 'beautiful', 'true']","[0.266818106174469, 0.157550647854805, 0.05403870716691017, 0.03895552083849907, 0.02999112755060196]",0.001394021
The boy is a _ cheetah when he runs.,fast,"['little', 'big', 'wild', 'huge', 'small']","[0.06641305238008499, 0.060632847249507904, 0.0343719981610775, 0.026587244123220444, 0.024921538308262825]",0.003066883
I love snorkeling in Pulau Redang because the water is _ crystal.,clear,"['like', 'pure', 'a', 'all', 'solid']","[0.4048933982849121, 0.175029918551445, 0.13643178343772888, 0.021696463227272034, 0.020656563341617584]",0.003360515
"My husband is a _ mule, he refuses to go to the doctor about his neck.",stubborn,"['poor', 'sick', 'broken', 'dead', 'blind']","[0.1548859179019928, 0.0739598274230957, 0.028148064389824867, 0.026266060769557953, 0.0212395042181015]",0.020403150469064713
Rahim has been a _ bee getting ready for school because he woke up late.,busy,"['busy', 'spelling', 'queen', 'nervous', 'little']","[0.39156192541122437, 0.12097929418087006, 0.11376187205314636, 0.04261589050292969, 0.03844728693366051]",0.39156192541122437
Lindsey is a _ sloth when she runs.,slow,"['complete', 'big', 'little', 'total', 'walking']","[0.09053300321102142, 0.07526738196611404, 0.04286075010895729, 0.03386193886399269, 0.032453179359436035]",0.001517618
The water was _ glass.,clean,"['a', 'like', 'all', 'in', 'just']","[0.47594210505485535, 0.044195372611284256, 0.04284678027033806, 0.03356977924704552, 0.023841319605708122]",0.001835007
The new smartphone is a _ feather. It doesn't weight a ton like the old model.,light,"['new', 'big', 'small', 'little', 'giant']","[0.07804263383150101, 0.06679976731538773, 0.060073334723711014, 0.05767237767577171, 0.05583713948726654]",0.015118408016860485
The class was a _ zoo.,loud,"['small', 'private', 'virtual', 'real', 'model']","[0.05422355607151985, 0.03673073276877403, 0.031094463542103767, 0.02837926521897316, 0.02339925616979599]",6.149459659354761e-05
My hands are _ ice.,cold,"['on', 'like', 'cold', 'solid', 'still']","[0.5153225660324097, 0.2858448028564453, 0.03432236611843109, 0.02692911960184574, 0.011786949820816517]",0.034322366
He is an _ fly buzzing around someone's ear.,annoying,"['invisible', 'annoying', 'alien', 'irritating', 'orange']","[0.15391597151756287, 0.12998023629188538, 0.08838929235935211, 0.05283540487289429, 0.049995798617601395]",0.12998023629188538
His anger was a _ burning ember.,hot,"['hot', 'slow', 'bright', 'single', 'long']","[0.2648172676563263, 0.12699191272258759, 0.0830424576997757, 0.047537703067064285, 0.027770204469561577]",0.2648172676563263
Liam jumps into the river to save the drowning cat. He is a _ lion.,brave,"['mountain', 'sea', 'young', 'water', 'tame']","[0.13835790753364563, 0.10958191752433777, 0.039839666336774826, 0.03707755357027054, 0.024823978543281555]",0.001147284
Christine is a _ pie.,sweet,"['meat', 'french', 'hot', 'chocolate', 'big']","[0.036713119596242905, 0.028268733993172646, 0.028220491483807564, 0.022297777235507965, 0.02155742235481739]",0.010063252411782742
"John studies hard, he is a _ owl.",wise,"['blue', 'blind', 'black', 'night', 'young']","[0.04254747927188873, 0.03444898501038551, 0.02721121348440647, 0.02573961764574051, 0.023413315415382385]",0.010119448
Mary is such a nice girl who is a _ lamb.,gentle,"['good', 'little', 'big', 'beautiful', 'nice']","[0.2572031319141388, 0.13737687468528748, 0.07625893503427505, 0.04961349815130234, 0.03915632888674736]",0.010709548369050026
The old man is a _ ox when he lifts the heavy box.,strong,"['big', 'huge', 'fat', 'dead', 'wild']","[0.07037101686000824, 0.04665703326463699, 0.03403126075863838, 0.024726638570427895, 0.019814560189843178]",0.00412825
His mind is a samurai's _ sword.,sharp,"['samurai', 'magic', 'great', 'long', 'curved']","[0.07573802769184113, 0.03039523959159851, 0.027891626581549644, 0.023502308875322342, 0.022234683856368065]",0.005181157
Her eyes are cloudless _ sky.,blue,"['blue', 'night', 'grey', 'black', 'gray']","[0.38702186942100525, 0.2001742124557495, 0.06941133737564087, 0.04034651070833206, 0.03987102210521698]",0.38702186942100525
Madam Hee is a  _ queen because she has won a trip to Japan.,happy,"['beauty', 'new', 'beautiful', 'great', 'crowned']","[0.146112322807312, 0.07428426295518875, 0.05720771104097366, 0.03449563309550285, 0.02440417744219303]",0.023446919
Barry won the first prize in the race. He was a _ flash.,quick,"['red', 'blue', 'green', 'brilliant', 'former']","[0.09147527813911438, 0.08041372895240784, 0.05976163223385811, 0.04327309876680374, 0.037452712655067444]",0.008209591
She is a _ toothpick.,skinny,"['good', 'great', 'talented', 'trained', 'skilled']","[0.12607668340206146, 0.055987659841775894, 0.04473023861646652, 0.02815413661301136, 0.021005626767873764]",0.000446341
Mrs.Aderhold's mind is a _ arrow.,sharp,"['straight', 'fiery', 'flaming', 'red', 'single']","[0.6942499279975891, 0.03877832368016243, 0.017603283748030663, 0.015561578795313835, 0.011778230778872967]",0.010874979197978973
The classroom was a _ tongue-tied librarian in a hybrid car.,quiet,"['very', 'big', 'single', 'huge', 'large']","[0.08045266568660736, 0.03568948805332184, 0.03523610532283783, 0.03054594062268734, 0.022776884958148003]",0.002242018
My love for you is a _ ocean. ,deep,"['beautiful', 'deep', 'vast', 'dark', 'great']","[0.13544712960720062, 0.060991331934928894, 0.0473608672618866, 0.04437027499079704, 0.03441409021615982]",0.060991331934928894
"After spending all day ice skating, the kids were _ horses.",hungry,"['riding', 'on', 'chasing', 'training', 'fed']","[0.8414998054504395, 0.028735175728797913, 0.018052859231829643, 0.011209947988390923, 0.005352674052119255]",5.346492798707914e-06
She is a _ seabird going forth alone.,sad,"['young', 'small', 'little', 'beautiful', 'great']","[0.1162426620721817, 0.07543738931417465, 0.07517296075820923, 0.05954587087035179, 0.03269495069980621]",0.000598197
Her dress was a _ hawthorn bud in May.,white,"['red', 'new', 'white', 'pink', 'green']","[0.09621091187000275, 0.06168612465262413, 0.0522395484149456, 0.03844485804438591, 0.0328209362924099]",0.052239548
"After the bath, I was a _ daisy.",fresh,"['beautiful', 'happy', 'new', 'hot', 'little']","[0.1315985918045044, 0.09343759715557098, 0.0465594083070755, 0.03745001554489136, 0.0350208580493927]",0.00685527
The baby is a _ moon.,beautiful,"['full', 'crescent', 'half', 'new', 'blue']","[0.4277171492576599, 0.17708028852939606, 0.0722159668803215, 0.05351782217621803, 0.035855989903211594]",0.003505864
The doctor was a _ dove when she picked the baby.,gentle,"['happy', 'little', 'gentle', 'grateful', 'sweet']","[0.18614043295383453, 0.13998427987098694, 0.08081119507551193, 0.03702238202095032, 0.0359969437122345]",0.080811195
Harvey wants a T-shirt that is a _ coal.,black,"['hot', 'black', 'red', 'burning', 'real']","[0.18726879358291626, 0.10185162723064423, 0.08363357931375504, 0.08223298192024231, 0.030134053900837898]",0.10185162723064423
The apples in the pie are _ honey.,sweet,"['pure', 'like', 'called', 'mostly', 'of']","[0.19034282863140106, 0.11378058046102524, 0.09864587336778641, 0.06779873371124268, 0.021653901785612106]",0.006776256
John is a _ fox.,sly,"['white', 'red', 'desert', 'grey', 'pet']","[0.09444882720708847, 0.03692649304866791, 0.024626974016427994, 0.02032514102756977, 0.016357101500034332]",0.013045284
Puan Aminah's explanation is _ crystal. All the pupils understand her lessons.,clear,"['like', 'a', 'in', 'pure', 'on']","[0.16281022131443024, 0.13694901764392853, 0.12885873019695282, 0.08887195587158203, 0.041989170014858246]",0.016090460121631622
Molly's eyes were the _ sun.,bright,"['setting', 'morning', 'afternoon', 'bright', 'rising']","[0.4962458312511444, 0.06794435530900955, 0.04100964590907097, 0.02373596280813217, 0.023200808092951775]",0.023735963
The baby was a _ candy.,sweet,"['hard', 'cotton', 'sweet', 'cheap', 'soft']","[0.1329270303249359, 0.09184902161359787, 0.029564859345555305, 0.028985392302274704, 0.025195017457008362]",0.029564859345555305
The kitten's teeth were _ knives.,sharp,"['like', 'sharp', 'little', 'small', 'not']","[0.931302011013031, 0.021736737340688705, 0.0021794347558170557, 0.001082914648577571, 0.0010212039342150092]",0.021736737340688705
The judges gave that gymnast the highest score since she was a _ swan performing flawlessly.,graceful,"['black', 'white', 'wild', 'dancing', 'graceful']","[0.2564881145954132, 0.22626730799674988, 0.06075996533036232, 0.03695244714617729, 0.035626474767923355]",0.035626474767923355
I could not lift the bag because it was a _ elephant.,heavy,"['giant', 'stuffed', 'huge', 'white', 'small']","[0.08602356910705566, 0.06415148824453354, 0.0623263455927372, 0.0393829382956028, 0.03880367428064346]",0.001945042
The box is a _ lead. Let me help you carry it.,heavy,"['good', 'solid', 'strong', 'perfect', 'fine']","[0.2869608700275421, 0.18439750373363495, 0.02096228487789631, 0.02034585550427437, 0.02034054882824421]",0.018772371113300323
Her face turned into a _ rose out of embarrassment after falling off her bicycle just now .,red,"['red', 'pink', 'white', 'yellow', 'purple']","[0.471641480922699, 0.16208580136299133, 0.023148637264966965, 0.015970829874277115, 0.014982817694544792]",0.471641481
He is a _ deer as he runs.,fast,"['spotted', 'big', 'red', 'large', 'white']","[0.050959546118974686, 0.0425616092979908, 0.03973478823900223, 0.035562317818403244, 0.025106824934482574]",0.000213585
"Charlotte is a _ mouse. She is frightened of loud noises, large people and just about anything in general.",shy,"['frightened', 'little', 'scared', 'shy', 'nervous']","[0.11218328028917313, 0.058657560497522354, 0.05675962194800377, 0.04137411341071129, 0.032113902270793915]",0.041374113
The Shokpa's head is a _ rock.,hard,"['large', 'giant', 'solid', 'small', 'black']","[0.14108848571777344, 0.040541552007198334, 0.03818728029727936, 0.03629487007856369, 0.031331490725278854]",0.012774343602359295
His nose was a _ ripe strawberry.,red,"['ripe', 'very', 'sweet', 'perfectly', 'fresh']","[0.11675836145877838, 0.09449313580989838, 0.0730627253651619, 0.05622315779328346, 0.04774264991283417]",0.00500316
My sister is a _ giraffe!,tall,"['big', 'super', 'new', 'white', 'great']","[0.03047497570514679, 0.029968375340104103, 0.015369354747235775, 0.006936581339687109, 0.006108305882662535]",0.000399502
My grandfather is suffering from cancer and he is now a _ rake.,thin,"['former', 'retired', 'ruthless', 'wealthy', 'successful']","[0.13524191081523895, 0.06067081540822983, 0.03267250210046768, 0.029525479301810265, 0.02870643138885498]",1.6820215023471974e-05
Mike Kennedy's coffe was _ snow that was falling outside.,cold,"['the', 'white', 'a', 'pouring', 'just']","[0.8633760809898376, 0.007329746149480343, 0.00542488181963563, 0.004571282770484686, 0.004444539546966553]",0.001023236
The mosquito's bite was a _ tack.,sharp,"['new', 'different', 'dangerous', 'good', 'fresh']","[0.15783663094043732, 0.07019276916980743, 0.0656062439084053, 0.05946710705757141, 0.03522501513361931]",0.010020462796092033
She is a _ baby. She has no idea how to go on from here.,helpless,"['little', 'lost', 'scared', 'big', 'fragile']","[0.08817064017057419, 0.04512627422809601, 0.044636111706495285, 0.04053438454866409, 0.03968995809555054]",0.030753524973988533
The sidewalks were _ glass freshly cleaned for the birthday party.,slippery,"['of', 'stained', 'like', 'all', 'under']","[0.19053208827972412, 0.12209343910217285, 0.12058760225772858, 0.08694292604923248, 0.03789179399609566]",6.328649760689586e-05
I am a _ wolf. I can finish all the food on the table.,hungry,"['lone', 'good', 'full', 'hungry', 'big']","[0.13220857083797455, 0.13112293183803558, 0.07640969008207321, 0.06886181980371475, 0.042360901832580566]",0.06886182
Her hair is _ night.,black,"['all', 'at', 'like', 'a', 'dark']","[0.14487695693969727, 0.10177256911993027, 0.086744025349617, 0.03440776467323303, 0.02381940558552742]",0.01466463
The classroom was a _ oven when the air conditioning broke.,hot,"['microwave', 'brick', 'hot', 'perfect', 'giant']","[0.10812428593635559, 0.0989927351474762, 0.05603142827749252, 0.03776855394244194, 0.03622449189424515]",0.056031428
He was a _ six-foot-three-inch tree.,tall,"['big', 'tall', 'perfect', 'huge', 'solid']","[0.179258331656456, 0.10610713064670563, 0.08662523329257965, 0.07216065376996994, 0.05491828918457031]",0.10610713064670563
Chui Ling's brother is an _ kitten. He tears the newspapers into pieces and glues then onto her money box.,playful,"['angry', 'ugly', 'abandoned', 'identical', 'escaped']","[0.1479795128107071, 0.0417177677154541, 0.036079972982406616, 0.03516554832458496, 0.03370815888047218]",0.000213396
The servant is a _ dog to his master.,loyal,"['loyal', 'faithful', 'servant', 'companion', 'devoted']","[0.33211907744407654, 0.23370636999607086, 0.0862988531589508, 0.038953810930252075, 0.02679731696844101]",0.33211907744407654
Everyone heard his message because his voice was _ thunder.,loud,"['like', 'pure', 'all', 'the', 'not']","[0.9802159667015076, 0.007249673828482628, 0.0013392092660069466, 0.0006046902271918952, 0.00047487556003034115]",0.000116761
Mrs. Ong is a _ clockwork who goes to the market every Saturday morning at seven o'clock.,regular,"['beautiful', 'lady', 'little', 'former', 'young']","[0.04476752132177353, 0.03612297400832176, 0.034240737557411194, 0.030654216185212135, 0.02964918129146099]",0.0094981
Rania tripped and fell while performing on her school play. She turned to be a _ beet as she felt embarrassed.,red,"['sugar', 'red', 'big', 'giant', 'sour']","[0.6760459542274475, 0.05321185663342476, 0.01989893801510334, 0.013356762938201427, 0.011080090887844563]",0.053211857
Her hair is _ silk.,smooth,"['like', 'black', 'golden', 'dark', 'white']","[0.5622239112854004, 0.052881091833114624, 0.04928086698055267, 0.04031741991639137, 0.03784925490617752]",0.005881886
He was a _ bull.,strong,"['pit', 'raging', 'wild', 'big', 'young']","[0.3362821638584137, 0.19007790088653564, 0.0377487987279892, 0.03038611076772213, 0.022770140320062637]",0.001871575
Her eyes were blue sky and _ sea.,deep,"['blue', 'green', 'red', 'white', 'black']","[0.7153632640838623, 0.05436637997627258, 0.03665512800216675, 0.03152257576584816, 0.017348365858197212]",0.002909231
John is a _ church mouse. He is not able to make end meets.,poor,"['poor', 'typical', 'clumsy', 'former', 'shy']","[0.04327718913555145, 0.03711837902665138, 0.031991373747587204, 0.02687101997435093, 0.022662190720438957]",0.043277189
The night is a _ sharp sword.,cold,"['very', 'razor', 'long', 'great', 'mighty']","[0.48987457156181335, 0.06515354663133621, 0.04145378619432449, 0.030075151473283768, 0.017359105870127678]",0.014898179098963737
Codie is a _ skyscraper.,tall,"['residential', 'canadian', 'chinese', 'planned', 'new']","[0.09738756716251373, 0.0744761973619461, 0.02459178864955902, 0.020780621096491814, 0.02006148174405098]",0.013166072778403759
The diamond is a _ sun.,shiny,"['yellow', 'blue', 'red', 'rising', 'small']","[0.143171489238739, 0.0911102369427681, 0.08436780422925949, 0.06623538583517075, 0.04115976393222809]",0.000133419
Ali always knocks his head and falls down. He is a _ bear.,clumsy,"['teddy', 'big', 'huge', 'polar', 'real']","[0.46303096413612366, 0.16382849216461182, 0.044082656502723694, 0.03251170739531517, 0.014237256720662117]",0.000581671
She is too nervous to talk to her new classmates. She is a _ squirral.,shy,"['nervous', 'little', 'typical', 'big', 'complete']","[0.08469150960445404, 0.0669354498386383, 0.022007817402482033, 0.01998712867498398, 0.018092306330800056]",0.001199644
The frosting on the cake is my _ baby sister.,sweet,"['beautiful', 'new', 'little', 'only', 'favorite']","[0.10610273480415344, 0.07439900934696198, 0.06786049157381058, 0.06733721494674683, 0.06279829889535904]",0.011952528730034828
These tacos are a hundred _ ghost peppers!,spicy,"['thousand', '!', 'little', 'million', 'super']","[0.03738784417510033, 0.024570634588599205, 0.022381804883480072, 0.019173188135027885, 0.011768408119678497]",3.24520624417346e-05
The cookies were so overcooked that they were _ rocks.,hard,"['like', 'just', 'mere', 'almost', 'practically']","[0.48555031418800354, 0.15054692327976227, 0.01981217972934246, 0.018549924716353416, 0.01745023764669895]",0.001613185
The lightbulb is the _ sun.,bright,"['rising', 'setting', 'morning', 'central', 'evening']","[0.184256449341774, 0.10710186511278152, 0.056136712431907654, 0.041405051946640015, 0.022933445870876312]",0.008101181
"In the desert, the land is _ brick.",hard,"['all', 'a', 'red', 'solid', 'like']","[0.1998830884695053, 0.1375792771577835, 0.05729975178837776, 0.05278531461954117, 0.0508643239736557]",0.008422148
The coffee was _ lava.,hot,"['like', 'pure', 'molten', 'hot', 'boiling']","[0.3228200376033783, 0.2267165333032608, 0.07985366880893707, 0.039787713438272476, 0.01914977841079235]",0.039787713438272476
I was a _ turkey after my Thanksgiving meal.,stuffed,"['roast', 'thanksgiving', 'cold', 'happy', 'complete']","[0.11213115602731705, 0.09985123574733734, 0.07050749659538269, 0.04298629239201546, 0.03299027681350708]",0.016931405290961266
The burglars could not break up the safe because it is a _ rock.,solid,"['solid', 'hard', 'precious', 'large', 'valuable']","[0.20910649001598358, 0.11810845136642456, 0.047800105065107346, 0.04708075895905495, 0.041384827345609665]",0.20910649001598358
My mouth is a _ desert.,dry,"['hot', 'dry', 'cold', 'wet', 'black']","[0.21286815404891968, 0.1027446761727333, 0.07361944764852524, 0.04361104965209961, 0.03819974884390831]",0.1027446761727333
The soldiers were _ lions when they fought the enemy .,fierce,"['like', 'called', 'the', 'not', 'all']","[0.89401775598526, 0.010419904254376888, 0.007648130878806114, 0.007069537416100502, 0.004194972570985556]",0.000492382
This contract is _ ground that we stand on.,solid,"['the', 'a', 'on', 'another', 'some']","[0.9236499071121216, 0.041261497884988785, 0.008980728685855865, 0.005247810389846563, 0.0016974664758890867]",0.000176716
Jessica is an _ frog.,ugly,"['adorable', 'adult', 'animated', 'aquatic', 'actual']","[0.07631944119930267, 0.06290433555841446, 0.04233475774526596, 0.040185581892728806, 0.03613373637199402]",0.003522173
David's room was a _ pair of shoes.,new,"['nice', 'new', 'simple', 'perfect', 'spare']","[0.16800051927566528, 0.07736994326114655, 0.043614163994789124, 0.0417267307639122, 0.02932380884885788]",0.077369943
Chinese New Year is around the corner. I am a _ king because I can get 'Angpau' from my parents.,happy,"['happy', 'new', 'fairy', 'dragon', 'little']","[0.053833067417144775, 0.045219529420137405, 0.03659503534436226, 0.02597125433385372, 0.02334912121295929]",0.053833067417144775
Jane was a _ painting.,pretty,"['beautiful', 'good', 'great', 'fine', 'real']","[0.27792200446128845, 0.10431979596614838, 0.09385688602924347, 0.09083545207977295, 0.017278611660003662]",0.012483610771596432
Johan is a _ lightning when he runs to the toilet after he has some spicy gravy.,fast,"['fast', 'quick', 'raging', 'slow', 'furious']","[0.056383080780506134, 0.03581506013870239, 0.02445921301841736, 0.02295660600066185, 0.02259824052453041]",0.056383080780506134
The old man is a _ tortoise when he walks.,slow,"['giant', 'huge', 'large', 'big', 'real']","[0.24745523929595947, 0.09672703593969345, 0.0545712485909462, 0.05421736091375351, 0.029424412176012993]",0.000699385
"That naughty boy was a _ monkey, who loved climbing trees. ",playful,"['little', 'big', 'real', 'playful', 'mischievous']","[0.3287912905216217, 0.04405400529503822, 0.03726334869861603, 0.0241756122559309, 0.01750294491648674]",0.024175612
"Although she was really frustrated with the class's grades, she stayed to be a _ gentle breeze.",calm,"['very', 'nice', 'more', 'rather', 'really']","[0.4057929217815399, 0.16183961927890778, 0.07572881877422333, 0.061771053820848465, 0.042343951761722565]",0.000680004
She was an _ scarecrow in that outfit.,ugly,"['adorable', 'actual', 'old', 'awesome', 'excellent']","[0.07646504044532776, 0.05425695702433586, 0.05365610122680664, 0.048754505813121796, 0.04702816903591156]",0.016494261100888252
He was a _ beanstalk.,thin,"['walking', 'giant', 'talking', 'real', 'flying']","[0.128826305270195, 0.0777689665555954, 0.059094853699207306, 0.053611453622579575, 0.029828868806362152]",0.000176184
Samantha is shy. Her cheeks were _ cherries when we spoke to her.,red,"['like', 'all', 'pink', 'bright', 'painted']","[0.9190316796302795, 0.0171759445220232, 0.0037000239826738834, 0.0030872963834553957, 0.0027253441512584686]",0.001311076
He will never settle down. He is a _ bird travelling from place to place.,free,"['lonely', 'strange', 'little', 'migratory', 'restless']","[0.07539606839418411, 0.04512326419353485, 0.04139164462685585, 0.033970415592193604, 0.03360094875097275]",0.004311557
"She always apply lotion on her hands, therefore her hands are _ silk.",soft,"['like', 'in', 'all', 'not', 'pure']","[0.613584041595459, 0.03204655647277832, 0.02606380544602871, 0.02030676230788231, 0.017704829573631287]",0.010821445845067501
The sprinter is _ deer. I think he stands a good chance of winning.,swift,"['a', 'the', 'running', 'no', 'playing']","[0.8021025061607361, 0.03654421120882034, 0.019737863913178444, 0.018334848806262016, 0.008680565282702446]",5.675963620888069e-06
The witch has a horrible looking. She is an _ toad.,ugly,"['evil', 'ugly', 'enormous', 'annoying', 'old']","[0.32592931389808655, 0.10508015751838684, 0.04640452191233635, 0.03441549465060234, 0.030944816768169403]",0.10508015751838684
Everyone praised Gina since she is a _ picture.,pretty,"['beautiful', 'big', 'perfect', 'pretty', 'great']","[0.2389431893825531, 0.17871509492397308, 0.094652459025383, 0.05649423599243164, 0.047806140035390854]",0.056494236
The fire was _ sun.,hot,"['the', 'a', 'my', 'like', 'his']","[0.904883861541748, 0.02122366428375244, 0.016775287687778473, 0.007182660046964884, 0.006388466339558363]",0.000116331
The box is a _ feather so he can carry it easily.,light,"['small', 'large', 'little', 'big', 'giant']","[0.19541330635547638, 0.05449413135647774, 0.03636899217963219, 0.03224511817097664, 0.027413107454776764]",0.007816364
The soap is a _ eel.,slippery,"['live', 'marine', 'freshwater', 'parasitic', 'small']","[0.14920295774936676, 0.06314488500356674, 0.05577157810330391, 0.04060983657836914, 0.03864026442170143]",0.000890649
My brother is a _ pig. He does not want to help me with the housework.,lazy,"['guinea', 'selfish', 'stubborn', 'filthy', 'sick']","[0.34708085656166077, 0.14815647900104523, 0.07367962598800659, 0.034258753061294556, 0.028049396350979805]",0.007849131
The twins will be fine camping out in the woods. They are _ nails.,tough,"['like', 'wearing', 'tough', 'good', 'the']","[0.32076603174209595, 0.048032402992248535, 0.026312459260225296, 0.02191327139735222, 0.0190591998398304]",0.026312459260225296
The cupcake was the _ Sahara Desert.,dry,"['entire', 'hot', 'whole', 'real', 'black']","[0.06457216292619705, 0.06013021618127823, 0.040809035301208496, 0.031000016257166862, 0.02834659442305565]",0.018015630543231964
His mouth was a _ knife.,sharp,"['butcher', 'sharp', 'bloody', 'cold', 'thin']","[0.06417184323072433, 0.06172970309853554, 0.056572940200567245, 0.040326885879039764, 0.027864636853337288]",0.061729703
Steve turned into a _ ghost when his father caught him!,white,"['crazy', 'super', 'big', 'zombie', 'black']","[0.030176600441336632, 0.029888542369008064, 0.023800289258360863, 0.022657135501503944, 0.022604409605264664]",0.019155757501721382
My mom was an _ kid on Christmas morning when we got a pool.,excited,"['adorable', 'excited', 'only', 'annoying', 'eager']","[0.16092102229595184, 0.15127716958522797, 0.11817892640829086, 0.04230945557355881, 0.03491843491792679]",0.15127716958522797
"His bike is so new, it is a _ twinkling star.",shiny,"['beautiful', 'bright', 'tiny', 'perfect', 'huge']","[0.11778292059898376, 0.10957592725753784, 0.09958066046237946, 0.08660352975130081, 0.06544613093137741]",0.003993439
The thief was a _ fox.,cunning,"['white', 'red', 'dead', 'black', 'young']","[0.08309680968523026, 0.041487328708171844, 0.034490033984184265, 0.029700033366680145, 0.02895314432680607]",0.006387637
His face was a _ lobster after spending the day at the beach.,red,"['perfect', 'red', 'real', 'pink', 'white']","[0.09500086307525635, 0.04561639949679375, 0.028524186462163925, 0.02790786512196064, 0.019091788679361343]",0.045616399
The gymnast was a _ swan. Her movements were flawless.,graceful,"['graceful', 'perfect', 'beautiful', 'black', 'trained']","[0.19077451527118683, 0.10455674678087234, 0.09268330782651901, 0.06128668785095215, 0.030745521187782288]",0.19077451527118683
"With all her activities, she's always a _ bee.",busy,"['busy', 'queen', 'spelling', 'little', 'sitting']","[0.42583468556404114, 0.10709868371486664, 0.03299805894494057, 0.02737218141555786, 0.01764829456806183]",0.42583468556404114
Her hair was _ coal.,black,"['like', 'a', 'black', 'pure', 'burning']","[0.8169143199920654, 0.08492567390203476, 0.016544226557016373, 0.01132970955222845, 0.004044589586555958]",0.016544226557016373
The wooden table is a _ elephant. It needs four men to lift it up.,heavy,"['huge', 'giant', 'large', 'small', 'wooden']","[0.10981123149394989, 0.09817053377628326, 0.06081715598702431, 0.05567723140120506, 0.040784161537885666]",0.001896994
I did not get enough sleep last night. I am a _ koala.,sleepy,"['fucking', 'little', 'damn', 'tired', 'sleeping']","[0.03986858204007149, 0.037293460220098495, 0.030886629596352577, 0.03078516013920307, 0.024875329807400703]",0.003707723
"Anusha is a _ peacock, who always looking into the mirror.",proud,"['beautiful', 'white', 'female', 'golden', 'small']","[0.1911621242761612, 0.11123612523078918, 0.05430850759148598, 0.03697487339377403, 0.0329599492251873]",0.000287892
The clock struck midnight and the sky was _ ink.,black,"['like', 'black', 'red', 'pouring', 'leaking']","[0.40888166427612305, 0.12514254450798035, 0.02781020849943161, 0.025370044633746147, 0.023488573729991913]",0.12514254450798035
My teahcer is a _ clown.,funny,"['circus', 'real', 'silly', 'clown', 'good']","[0.051172010600566864, 0.050287771970033646, 0.03262125328183174, 0.018087677657604218, 0.01733214780688286]",0.009547926
The lake is _ glass right now.,clear,"['all', 'like', 'just', 'looking', 'only']","[0.4266112148761749, 0.2665233314037323, 0.03872626647353172, 0.028797727078199387, 0.020183594897389412]",0.00405337
The woodcutter's eyes were _ moon when he saw the hidden treasure in the cave.,bright,"['full', 'the', 'half', 'like', 'to']","[0.7267902493476868, 0.1369083970785141, 0.03444705531001091, 0.02526175230741501, 0.00798362959176302]",0.002967372
They boy was a _ rocket as he sped by on his bicycle.,fast,"['young', 'little', 'teenage', 'giant', 'real']","[0.06847269833087921, 0.054999399930238724, 0.027633987367153168, 0.02235008403658867, 0.022097071632742882]",0.000868527
The streetlights were _ stars.,bright,"['like', 'the', 'bright', 'throwing', 'shooting']","[0.5236320495605469, 0.03857080638408661, 0.02928096614778042, 0.0226944237947464, 0.020314758643507957]",0.029280966
Her temper was an _ bomb.,explosive,"['instant', 'atomic', 'absolute', 'electrical', 'atom']","[0.24003764986991882, 0.16554440557956696, 0.05267278105020523, 0.0418316014111042, 0.039080798625946045]",0.003383726
Jan was an _ quickly diving into the water. ,effortless,"['instant', 'idiot', 'infant', 'angel', 'anchor']","[0.17387618124485016, 0.07935928553342819, 0.04649683088064194, 0.04376145452260971, 0.028082003816962242]",1.9853096091537736e-05
The girl was a _ lamb.,gentle,"['little', 'wild', 'good', 'damn', 'young']","[0.11044223606586456, 0.034253187477588654, 0.034112151712179184, 0.03334581479430199, 0.031504999846220016]",0.005165282
We should ask Lina for her advice as she is a _ owl.,wise,"['night', 'wise', 'small', 'little', 'blind']","[0.05765882506966591, 0.045896753668785095, 0.04477160423994064, 0.03857812657952309, 0.03750564530491829]",0.045896753668785095
The room is a _ furnace. Quickly switch on the fan!,hot,"['blast', 'hot', 'huge', 'fiery', 'massive']","[0.4570995271205902, 0.08233045786619186, 0.039501532912254333, 0.020982729271054268, 0.016050659120082855]",0.082330458
Ellana's hair is the _ sky at midnight.,dark,"['blue', 'night', 'black', 'gray', 'grey']","[0.5015106201171875, 0.1749168336391449, 0.03973771259188652, 0.03516663983464241, 0.025916999205946922]",0.016208454966545105
Max's personality is a box of _ crayons.,colorful,"['colored', 'coloured', 'colorful', 'paper', 'yellow']","[0.2595338225364685, 0.04141135513782501, 0.026276960968971252, 0.025491612032055855, 0.021193373948335648]",0.026276960968971252
Ted was a _ mouse in a room full of cats.,nervous,"['little', 'lone', 'dead', 'lonely', 'tiny']","[0.09561467915773392, 0.0951543003320694, 0.048681192100048065, 0.022977272048592567, 0.021387331187725067]",0.004666218
My sister is a _ schoolgirl when she meets strangers .,shy,"['shy', 'good', 'little', 'frightened', 'scared']","[0.05501113086938858, 0.04504330828785896, 0.031333696097135544, 0.030916566029191017, 0.0287981778383255]",0.055011131
My mom can be a _ volcano when I don't do my chores on time.,fiery,"['freaking', 'raging', 'jealous', 'living', 'dormant']","[0.06403505802154541, 0.0583387054502964, 0.030225282534956932, 0.023243319243192673, 0.021272744983434677]",0.018877338618040085
The road is a _ arrow.,straight,"['straight', 'single', 'red', 'broken', 'long']","[0.48559701442718506, 0.09426897764205933, 0.038079649209976196, 0.02991546504199505, 0.021565351635217667]",0.48559701442718506
The kids were _ race cars on the sleds speeding down the snowy hill.,fast,"['in', 'riding', 'pushing', 'on', 'racing']","[0.44823911786079407, 0.09643477946519852, 0.0787113755941391, 0.049606580287218094, 0.034535691142082214]",4.2042596760438755e-05
Imraan was a _ bee running around.,busy,"['little', 'busy', 'tiny', 'small', 'queen']","[0.19248463213443756, 0.0564797967672348, 0.055323656648397446, 0.05403461307287216, 0.044063445180654526]",0.056479797
"When school finished, I was a _ bird.",free,"['little', 'big', 'lucky', 'happy', 'small']","[0.3581056296825409, 0.04376199468970299, 0.02348446659743786, 0.021706050261855125, 0.020726047456264496]",0.003851436
Croaking frogs werea a _ marching band.,large,"['good', 'college', 'regular', 'school', 'professional']","[0.066286601126194, 0.036425501108169556, 0.035846345126628876, 0.030563687905669212, 0.029627041891217232]",0.003977464
"You can't break that chair, it's a _ brick.",hard,"['big', 'solid', 'giant', 'huge', 'hot']","[0.1441541314125061, 0.08739247173070908, 0.04848802462220192, 0.03649959713220596, 0.03383563831448555]",0.010760452598333359
The sun is not shining today. The sky is _ midnight.,dark,"['approaching', 'at', 'almost', 'nearing', 'near']","[0.16305257380008698, 0.14279185235500336, 0.1257854700088501, 0.0867978110909462, 0.06590709835290909]",9.413711813976988e-05
Your face is a _ fire engine.,red,"['miniature', 'real', 'red', 'raging', 'damn']","[0.10671386867761612, 0.07398087531328201, 0.03592987358570099, 0.026140598580241203, 0.018960924819111824]",0.035929874
My 80-years-old grandpa's hair has all fallen out. He is a _ egg.,bald,"['rotten', 'nest', 'scrambled', 'golden', 'broken']","[0.5072451233863831, 0.09775946289300919, 0.03867418318986893, 0.0385725200176239, 0.026049742475152016]",0.002061793
This waiting room is a _ freezer box!,cold,"['!', 'big', 'new', 'giant', 'complete']","[0.04112415760755539, 0.019557815045118332, 0.018377449363470078, 0.015268675982952118, 0.014919771812856197]",0.001212843
"When the teacher saw the kids begin to have a glitter fight, she was a _ cheetah leaping across the room. ",fast,"['huge', 'giant', 'little', 'wild', 'tiny']","[0.12495829164981842, 0.10600461810827255, 0.06684257090091705, 0.04802786186337471, 0.03670020028948784]",0.000503047
The thunder was _ fireworks.,loud,"['like', 'all', 'just', 'not', 'only']","[0.9258022308349609, 0.013439866714179516, 0.011101258918642998, 0.010447222739458084, 0.003658400382846594]",5.7894289057003334e-05
The rose petals were _ silk.,delicate,"['like', 'white', 'pink', 'red', 'black']","[0.22781139612197876, 0.14833474159240723, 0.06135180592536926, 0.04241058975458145, 0.037369027733802795]",0.015542307868599892
Encik Jamal has been driving all day and he doesn't stop for lunch. He is now a _ hunter.,hungry,"['bounty', 'treasure', 'fortune', 'vampire', 'deer']","[0.4968668520450592, 0.08681339025497437, 0.04414438083767891, 0.03893892839550972, 0.035650745034217834]",0.000532273
Leighton was a _ princess in her costume.,pretty,"['little', 'fairy', 'beautiful', 'white', 'royal']","[0.057531386613845825, 0.045192744582891464, 0.037862468510866165, 0.037835743278265, 0.03583044558763504]",0.007438819
The ocean's waves were _ roaring lions.,loud,"['like', 'of', 'not', 'two', 'all']","[0.9966431856155396, 0.00023295976279769093, 0.00010056732571683824, 0.00010056598694063723, 9.282800601795316e-05]",2.10037910619576e-06
Bill's mood is _ vinegar.,sour,"['like', 'pure', 'a', 'all', 'turning']","[0.3862263262271881, 0.22613342106342316, 0.044209711253643036, 0.03216909244656563, 0.017492901533842087]",0.001414848
That man is a _ giant. He is selected for the basketball team.,tall,"['real', 'young', 'physical', 'true', 'big']","[0.28853750228881836, 0.04363588988780975, 0.030046116560697556, 0.02726348489522934, 0.01431109569966793]",0.007718803
The performer on the stage is an _ monkey.,agile,"['orange', 'enormous', 'animated', 'actual', 'invisible']","[0.1565520018339157, 0.09892772138118744, 0.08166726678609848, 0.05143234506249428, 0.04450779780745506]",0.000506169
The cake was a _ snowflake.,light,"['perfect', 'chocolate', 'real', 'giant', 'white']","[0.19446906447410583, 0.047856997698545456, 0.04668383672833443, 0.0361657552421093, 0.035948533564805984]",0.002175982
The lettuce was a _ early fall morning.,crisp,"['beautiful', 'bright', 'lovely', 'nice', 'pleasant']","[0.17890319228172302, 0.11350184679031372, 0.07845012098550797, 0.07357600331306458, 0.03759869560599327]",0.035151914
Adam is just recovered from his illness. He is a _ sheet.,pale,"['clean', 'white', 'hot', 'cheat', 'plastic']","[0.13311094045639038, 0.09288105368614197, 0.02740015834569931, 0.016984272748231888, 0.01288879569619894]",0.000520039
Those palace guards barely moved. They are _ statues.,still,"['like', 'just', 'mere', 'still', 'only']","[0.441994309425354, 0.08764863759279251, 0.0563911497592926, 0.051214102655649185, 0.027392642572522163]",0.051214102655649185
The fishmonger was an _ bull when he realised that his neighbour's cat was stealing his fish every day.,angry,"['angry', 'enraged', 'old', 'angered', 'injured']","[0.5207746624946594, 0.17766740918159485, 0.08423911035060883, 0.02015508897602558, 0.014865102246403694]",0.5207746624946594
The desert sand was the _ setting sun.,orange,"['only', 'first', 'perfect', 'bright', 'newly']","[0.4210934638977051, 0.07446341961622238, 0.05159209668636322, 0.031231127679347992, 0.013629673980176449]",0.007873651
The computers at school are _ dinosaurs.,old,"['actually', 'called', 'not', 'like', 'all']","[0.1385476291179657, 0.11463595926761627, 0.07494211196899414, 0.07465606927871704, 0.06576325744390488]",0.002690371
The street was a _ stove.,hot,"['gas', 'big', 'wood', 'huge', 'small']","[0.10148245841264725, 0.06939373910427094, 0.047854382544755936, 0.04563691094517708, 0.03191592916846275]",0.027538646012544632
The bus is a _ tortoise. We may not be there on time.,slow,"['giant', 'dead', 'real', 'huge', 'damned']","[0.12220806628465652, 0.07213570177555084, 0.03999681398272514, 0.03874838724732399, 0.022850453853607178]",0.001817071
The road was a _ ice rink.,slippery,"['large', 'small', 'huge', 'big', 'makeshift']","[0.20563027262687683, 0.20519067347049713, 0.03498660773038864, 0.029047271236777306, 0.028164522722363472]",0.00020708
Anita was a _ baby because no one is willing to help her in the science project.,helpless,"['difficult', 'poor', 'spoiled', 'tough', 'scared']","[0.13898347318172455, 0.09694406390190125, 0.05787734314799309, 0.027924468740820885, 0.027863817289471626]",0.02709125
My room is a _ pigsty.,filthy,"['small', 'filthy', 'little', 'tiny', 'big']","[0.05212954431772232, 0.03864087164402008, 0.038252346217632294, 0.03794258087873459, 0.03388328477740288]",0.038640872
The beef was _ leather. I could not chew it.,tough,"['like', 'raw', 'black', 'pure', 'old']","[0.2825128138065338, 0.04638472944498062, 0.03576161712408066, 0.03128278627991676, 0.028733443468809128]",0.003024188
The children were _ falling snow.,quiet,"['in', 'watching', 'under', 'seeing', 'like']","[0.19298362731933594, 0.11066296696662903, 0.04817875474691391, 0.03466120362281799, 0.0330025739967823]",0.000173589
Our classroom is a _ zoo today.,chaotic,"['real', 'small', 'freaking', 'miniature', 'virtual']","[0.14280810952186584, 0.054847124963998795, 0.04839286208152771, 0.032803118228912354, 0.02872060425579548]",4.595657446770929e-05
The books were _ whale.,heavy,"['about', 'on', 'from', 'the', 'for']","[0.7654260396957397, 0.06348422169685364, 0.024116743355989456, 0.013652775436639786, 0.013345842249691486]",1.2194172086310573e-05
The champion for the 100-meter race is a _ deer.,fast,"['red', 'white', 'roe', 'black', 'silver']","[0.3241812288761139, 0.10876558721065521, 0.10571934282779694, 0.05892961844801903, 0.0469401478767395]",3.308775546884135e-07
She is an _ angel.,innocent,"['evil', 'angel', 'earth', 'guardian', 'immortal']","[0.21598964929580688, 0.15761592984199524, 0.05088663846254349, 0.03875240683555603, 0.031387414783239365]",0.004186132
Adib was a _ toad as he never lifted a finger to help with chores at home or at school.,lazy,"['total', 'complete', 'virtual', 'real', 'walking']","[0.15755434334278107, 0.1110868901014328, 0.0455959253013134, 0.04192548990249634, 0.03743728622794151]",0.003042389
Dad's snoring was a _ train.,loud,"['freight', 'runaway', 'slow', 'train', 'live']","[0.7783049941062927, 0.03861384093761444, 0.013456588611006737, 0.009741391986608505, 0.008670306764543056]",3.039833427465055e-05
The prefect is a _ lion.,bold,"['golden', 'white', 'black', 'red', 'male']","[0.13512180745601654, 0.11904425919055939, 0.09545599669218063, 0.07575418800115585, 0.054630447179079056]",0.000146661
The beggar does not have a place to stay or food to eat. He is a _ church mouse.,poor,"['common', 'typical', 'poor', 'wandering', 'small']","[0.06285446137189865, 0.038802362978458405, 0.036647334694862366, 0.03646062687039375, 0.026858391240239143]",0.036647334694862366
The boys are _ puppies.,playful,"['all', 'just', 'only', 'still', 'like']","[0.08062297850847244, 0.07660825550556183, 0.06863918900489807, 0.05123281478881836, 0.043890196830034256]",0.001604446
The boy was a _ dog that lost its bone.,sad,"['small', 'little', 'poor', 'stray', 'big']","[0.14990757405757904, 0.06439658254384995, 0.041650865226984024, 0.03896954283118248, 0.03686713054776192]",0.000543317
The bed was a _ cotton ball.,soft,"['white', 'big', 'black', 'large', 'soft']","[0.12180658429861069, 0.08196062594652176, 0.04757620766758919, 0.041093554347753525, 0.029456201940774918]",0.029456201940774918
Betty is a _ wind so she will win the race.,swift,"['strong', 'good', 'great', 'powerful', 'hot']","[0.30769675970077515, 0.05079950764775276, 0.024844495579600334, 0.021373525261878967, 0.017941683530807495]",0.001533732
She ate so much that she became a _ pig.,fat,"['guinea', 'fat', 'wild', 'giant', 'stuffed']","[0.6448309421539307, 0.023032041266560555, 0.017952054738998413, 0.013453369960188866, 0.01105687115341425]",0.023032041266560555
Her face is the _ sunlight.,bright,"['only', 'bright', 'perfect', 'morning', 'golden']","[0.2772464156150818, 0.11279691010713577, 0.061731498688459396, 0.02947579324245453, 0.023501114919781685]",0.11279691010713577
The partygoers couldn't believe how adorable the twins were. They were _ kittens!,cute,"['like', 'adorable', 'little', 'perfect', 'happy']","[0.14856699109077454, 0.09651078283786774, 0.05900806933641434, 0.054242733865976334, 0.037471771240234375]",0.011728168465197086
The dog was a _ train moving to catch the ball that his owner threw.,fast,"['freight', 'steam', 'train', 'runaway', 'toy']","[0.4705558121204376, 0.044477567076683044, 0.04187946766614914, 0.039995450526475906, 0.027614720165729523]",0.005333662
The dinner was _ dust.,dry,"['just', 'like', 'in', 'only', 'gathering']","[0.37771961092948914, 0.08548760414123535, 0.08475551009178162, 0.031970489770174026, 0.023011771962046623]",0.000469699
The candy bars were _ mush in Clay's hand.,soft,"['like', 'just', 'still', 'all', 'cold']","[0.6348199248313904, 0.05031491070985794, 0.03419484198093414, 0.014353868551552296, 0.012295687571167946]",0.001120404
Richard is a _ turtle walking to class.,slow,"['talking', 'green', 'blue', 'shy', 'pet']","[0.16610687971115112, 0.06678968667984009, 0.029769906774163246, 0.029740823432803154, 0.027035782113671303]",0.00029726
The flowers were _ thoughts of budding love.,soft,"['her', 'my', 'the', 'his', 'like']","[0.1082812026143074, 0.08789253234863281, 0.08537086844444275, 0.05577140673995018, 0.02687862515449524]",0.005419637
Little John was a _ lamb when he was introduced to his new class in kindergarten.,modest,"['little', 'young', 'small', 'baby', 'big']","[0.5492233037948608, 0.06972555816173553, 0.022942911833524704, 0.01564718410372734, 0.00988142378628254]",7.732115045655519e-05
My client is an _ newborn lamb!,innocent,"['entire', 'early', 'amazing', 'original', 'australian']","[0.045014798641204834, 0.024325523525476456, 0.01990659162402153, 0.014616570435464382, 0.01365291140973568]",0.000936636
The snow was a _ cloud.,white,"['dark', 'thick', 'white', 'gray', 'huge']","[0.11508723348379135, 0.09451013058423996, 0.05786623805761337, 0.05608299374580383, 0.04034224525094032]",0.057866238
I was a _ dog with two tails when receiving a gold medal from the headmaster.,happy,"['big', 'small', 'white', 'little', 'brown']","[0.07003510743379593, 0.05930105969309807, 0.03577115014195442, 0.03270864114165306, 0.02884390763938427]",0.003242671
Her eyes were _ diamonds.,bright,"['like', 'sparkling', 'pure', 'glittering', 'all']","[0.6883128881454468, 0.04139924794435501, 0.02055465430021286, 0.016130225732922554, 0.012337363325059414]",0.008903128
I am a _ pig in mud.,happy,"['guinea', 'dead', 'filthy', 'wet', 'fat']","[0.10373637825250626, 0.07153664529323578, 0.05122671648859978, 0.03774091973900795, 0.03290470317006111]",0.002961713
The house of cards is a _ oak.,sturdy,"['large', 'white', 'royal', 'red', 'black']","[0.12282263487577438, 0.08425889164209366, 0.07139027863740921, 0.07124418020248413, 0.0556558333337307]",0.001252134
The teacher is _ butter and naughty pupils are taking advantages of the situation. They do not pay attention in class.,soft,"['eating', 'spreading', 'making', 'all', 'peanut']","[0.12964409589767456, 0.046454861760139465, 0.03739765286445618, 0.03680676221847534, 0.03389599919319153]",0.002098837
My best friend is a _ mule. He just doesn't listen to any advice given.,stubborn,"['stubborn', 'walking', 'pack', 'damn', 'running']","[0.18996499478816986, 0.06278513371944427, 0.05286821722984314, 0.047151584178209305, 0.03416532650589943]",0.18996499478816986
The old car was _ dirt.,cheap,"['all', 'just', 'leaking', 'like', 'only']","[0.19203095138072968, 0.13703863322734833, 0.06735734641551971, 0.03696196898818016, 0.03381851688027382]",4.6245986595749855e-05
The fortune tellers' nails were _ eagle talons.,long,"['like', 'painted', 'called', 'black', 'in']","[0.8363457322120667, 0.008534252643585205, 0.007047503720968962, 0.005838722921907902, 0.00524933822453022]",0.003886221
The asphalt was a _ frying pan on that summer day.,hot,"['hot', 'giant', 'perfect', 'big', 'great']","[0.24843239784240723, 0.12178349494934082, 0.049538902938365936, 0.0360054150223732, 0.033644285053014755]",0.24843239784240723
Jason is a _ giraffe. He towers above the rest of his classmates.,tall,"['huge', 'big', 'giant', 'massive', 'handsome']","[0.10409720242023468, 0.04327840730547905, 0.03977446258068085, 0.032078616321086884, 0.03093050979077816]",0.010807113721966743
The tiger's teeth are _ razors.,sharp,"['like', 'sharp', 'straight', 'not', 'razor']","[0.5534861087799072, 0.1291528344154358, 0.05847921222448349, 0.009689991362392902, 0.008730053901672363]",0.1291528344154358
The Shokpa's sound is a _ lion's roar. ,loud,"['great', 'roaring', 'fierce', 'wild', 'hungry']","[0.11547494679689407, 0.08760558813810349, 0.06709667295217514, 0.04393857717514038, 0.026617303490638733]",0.004147331
The angry child  was a _ raoring elephant.,loud,"['white', 'young', 'huge', 'black', 'small']","[0.09297484159469604, 0.08130348473787308, 0.04464373737573624, 0.04048953205347061, 0.03757848963141441]",3.594892768887803e-05
His face was a _ beet.,red,"['red', 'pale', 'pink', 'bright', 'dull']","[0.20649147033691406, 0.0554107241332531, 0.04739977791905403, 0.039873674511909485, 0.026259055361151695]",0.20649147033691406
The clouds were _ sheep.,white,"['like', 'of', 'the', 'for', 'black']","[0.6284173727035522, 0.03699207305908203, 0.029042139649391174, 0.028196781873703003, 0.010347801260650158]",0.003663782
Mary's cheeks were a _ tomato when she forgot her lines during the school play.,red,"['red', 'pink', 'bright', 'purple', 'giant']","[0.3648533523082733, 0.07840175926685333, 0.06076570600271225, 0.03650898486375809, 0.02451433800160885]",0.3648533523082733
Aaron was thankful he had brought his flashlight along with him when he realized the night was _ coal.,black,"['burning', 'like', 'only', 'just', 'raining']","[0.2396417111158371, 0.08432327955961227, 0.0744321346282959, 0.05574927106499672, 0.04451519623398781]",0.026124649
"As you progress, your ankles become _ rocket boosters and your feet will act as mini-trampolines.",powerful,"['like', 'solid', 'liquid', 'miniature', 'as']","[0.3384193778038025, 0.07749030739068985, 0.05588482692837715, 0.031129073351621628, 0.014332590624690056]",0.0104638
His eyes are _ ocean.,blue ,"['an', 'the', 'like', 'pure', 'my']","[0.4214935302734375, 0.2785700261592865, 0.10542886704206467, 0.037521835416555405, 0.02036537602543831]",7.921157134660461e-07
You should not believe everything he says as he is a _ fox .,wise,"['sly', 'true', 'wild', 'white', 'desert']","[0.046303629875183105, 0.03054843470454216, 0.03004237450659275, 0.027930760756134987, 0.021558595821261406]",0.002462393
Mom was a _ kid on Christmas when she opened her new vacuum cleaner.,silly,"['little', 'good', 'big', 'happy', 'small']","[0.47296369075775146, 0.08758031576871872, 0.044655691832304, 0.019870836287736893, 0.017250273376703262]",0.002031977